arduino;electronics
quant;economics;money;boardgames;pm
reverseengineering;cs50
chess;boardgames;sports
superuser;ux;android
sound;musicfans
parenting;pets
freelancing;productivity
chinese;japanese;anime;worldbuilding;history;hinduism;christianity
stats;quant;economics
gamedev;diy;bicycles;video;pets;bricks;photo;computergraphics
hermeneutics;italian
skeptics;space;travel;expatriates;history;genealogy
poker;workplace
health;biology
wordpress;drupal
graphicdesign;elementaryos;photo
pets;parenting;judaism
webmasters;sports
gardening;astronomy;blender;sustainability;lifehacks;photo;hsm
space;astronomy
security;cs;crypto;bitcoin
ham;photo
german;italian;ell
wordpress;webmasters
vi;scifi
space;chess
german;italian;ell;chinese
parenting;pets
freelancing;travel;opendata;politics;genealogy;patents;outdoors;sustainability
movies;scifi
cogsci;matheducators
security;health;cooking;crypto
bricks;sustainability;lifehacks
homebrew;beer
worldbuilding;cogsci;biology;skeptics
german;chinese;japanese
ux;communitybuilding
joomla;drupal;salesforce;expressionengine
quant;dsp;meta;datascience;poker;boardgames;sports;stackapps;math;chess;earthscience;scicomp;cogsci;biology;matheducators;opensource;politics;economics;sustainability;hsm;engineering
ux;ru.stackoverflow;sqa;pt.stackoverflow
blender;askubuntu;gamedev
blender;hardwarerecs;gamedev;computergraphics
stackoverflow;webapps;ru.stackoverflow;ja.stackoverflow;webmasters;civicrm;softwarerecs;pt.stackoverflow
programmers;dba
cstheory;cs
history;genealogy
webapps;softwarerecs
economics;bitcoin
security;sqa
patents;engineering
codegolf;math;puzzling;cs
sound;photo
hermeneutics;linguistics;judaism
gaming;hardwarerecs
emacs;gis
ru.stackoverflow;stackoverflow;programmers;pt.stackoverflow
bricks;engineering
outdoors;travel;lifehacks
expatriates;history;travel
rus;ru.stackoverflow
ebooks;opensource
bicycles;serverfault;boardgames;video;coffee;bricks;lifehacks;beer;homebrew;android;windowsphone;cooking;outdoors;woodworking
diy;woodworking
security;superuser;tor;hardwarerecs;crypto;android;reverseengineering;softwarerecs;bitcoin
fitness;productivity
music;musicfans
meta;communitybuilding;stackapps;politics
ham;electronics
datascience;sound;arduino;softwarerecs;stackapps;ebooks
italian;islam;english;japanese;philosophy;german;musicfans;ell;chinese
ham;dsp
serverfault;apple;superuser;gaming;askubuntu;softwarerecs
italian;english;writers;japanese;hermeneutics;linguistics;german;ell;chinese
civicrm;blender;sharepoint
mythology;sustainability;outdoors;pets
academia;matheducators
communitybuilding;pm;workplace
coffee;math;philosophy
stats;quant;economics;datascience;scicomp
law;money;travel;politics;expatriates;genealogy
health;skeptics;outdoors;parenting;pets
expatriates;genealogy
cogsci;productivity
ham;windowsphone;photo;apple;elementaryos;raspberrypi;android;arduino;mechanics;robotics;ebooks
codegolf;mathoverflow.net;matheducators;puzzling;gis;blender;computergraphics;math;hsm;gamedev;mathematica
law;webmasters;bicycles;opendata
skeptics;history
quant;pm
mathematica;dba
emacs;superuser;windowsphone;apple;elementaryos;arduino;askubuntu;ebooks;raspberrypi
stackoverflow;sharepoint;italian;productivity;salesforce
law;expatriates;travel
hardwarerecs;tor;electronics;ja.stackoverflow;robotics
chinese;japanese
joomla;serverfault;magento;dba;salesforce;bitcoin;unix;ru.stackoverflow;cs50;ja.stackoverflow;craftcms;softwarerecs;wordpress;drupal;stackapps;askubuntu;pt.stackoverflow;security;expressionengine;stackoverflow;programmers;webmasters;civicrm;codereview;raspberrypi
homebrew;beer
ru.stackoverflow;startups
gaming;engineering
tex;mathematica
rus;russian
rus;russian
beer;homebrew;cooking
cogsci;biology;worldbuilding;linguistics;skeptics;hsm
security;reverseengineering;raspberrypi;cs
law;mythology;travel;startups;politics;workplace;expatriates;history;hinduism;money
music;photo
wordpress;serverfault;magento;dba;drupal;es.stackoverflow;codereview;pt.stackoverflow;security;unix;stackoverflow;programmers;cs50;ja.stackoverflow;webmasters;civicrm;ru.stackoverflow;expressionengine;softwarerecs;joomla
skeptics;biology
sound;music
money;communitybuilding;hermeneutics;ebooks;worldbuilding;skeptics;space;opensource;politics;history;patents;sustainability
coffee;aviation
mechanics;sports
buddhism;parenting
android;windowsphone;apple;raspberrypi;elementaryos
android;windowsphone;webapps;apple;productivity
music;hardwarerecs
pm;craftcms;sharepoint;productivity;salesforce
chess;outdoors;cooking
law;genealogy
health;outdoors;martialarts
law;expatriates;economics;money
reverseengineering;electronics
earthscience;hsm
diy;lifehacks
italian;english;japanese;linguistics;german;chinese;ell;judaism
rpg;puzzling;boardgames
diy;lifehacks
skeptics;opendata;politics;money;history;cogsci;bitcoin
health;cogsci
law;politics;workplace
economics;opendata
productivity;lifehacks;writers
philosophy;cogsci
wordpress;webapps
buddhism;matheducators
cooking;gardening
linguistics;english;ell
codegolf;dsp;webapps;apple;judaism;elementaryos;sound;lifehacks;parenting;law;hardwarerecs;cogsci;islam;windowsphone;anime;skeptics;softwarerecs;puzzling;opendata
quant;earthscience;craftcms;gamedev
physics;hsm
parenting;politics
genealogy;bitcoin
dsp;graphicdesign;gis;video;gamedev;computergraphics
hardwarerecs;raspberrypi;electronics;robotics
mathoverflow.net;cstheory
spanish;portuguese
security;patents;datascience;cs
buddhism;parenting;boardgames;martialarts;music;academia;hsm
cogsci;pm;productivity
ham;reverseengineering
hermeneutics;christianity
sound;music
gardening;woodworking;writers;sports;music;martialarts;musicfans;photo;bicycles
stackoverflow;codereview;ja.stackoverflow;sqa;programmers;ru.stackoverflow;es.stackoverflow;stackapps;pt.stackoverflow
history;politics
stackoverflow;codereview;ja.stackoverflow;webmasters;programmers;ru.stackoverflow;es.stackoverflow;sharepoint;pt.stackoverflow
dsp;datascience;musicfans;sound;computergraphics;stats
wordpress;joomla;ux;webmasters
law;parenting
diy;bicycles;music;bricks;mechanics;photo
skeptics;biology;parenting;fitness;health;beer;productivity
joomla;android;windowsphone;stackoverflow;ja.stackoverflow;webmasters;softwarerecs;communitybuilding;webapps;pt.stackoverflow
serverfault;networkengineering
money;freelancing;travel;pm;politics
stats;datascience;mathematica
outdoors;pets
serverfault;hardwarerecs;webmasters
mathoverflow.net;math
mathoverflow.net;math;hsm
spanish;french
hermeneutics;christianity
math;matheducators
ux;stackoverflow;ru.stackoverflow;ja.stackoverflow;video;apple;stackapps;gamedev
homebrew;beer
health;sustainability;mechanics;cooking
cogsci;biology
quant;dsp;buddhism;cs;philosophy;academia;math;mathoverflow.net;mythology;christianity;scicomp;cogsci;space;matheducators;crypto;linguistics;chemistry;economics;hsm;islam;cstheory
serverfault;networkengineering;raspberrypi
islam;genealogy;programmers;startups;writers
buddhism;hinduism
buddhism;outdoors;parenting;worldbuilding;coffee;judaism;lifehacks;biology;hinduism;chinese;fitness;history;sustainability;japanese;islam;opendata
ebooks;tridion;writers;genealogy;hsm;opensource
vi;graphicdesign
vi;askubuntu;apple;raspberrypi
cstheory;cs
hsm;astronomy
expatriates;academia
economics;freelancing;startups;gardening
networkengineering;hardwarerecs
codereview;pt.stackoverflow
pets;bicycles;coffee;music;patents;outdoors;sports;mechanics
italian;ell
poker;buddhism;parenting;music;martialarts;chess;chinese;academia;opendata;lifehacks;scifi
salesforce;hardwarerecs
codegolf;emacs;vi
buddhism;history
productivity;parenting;writers
poker;writers;linguistics;italian;beer;graphicdesign;chinese;japanese;anime;german;russian;pm
wordpress;cs50
coffee;cooking
meta;patents;docs-beta;elementaryos
codegolf;vi;tex
webapps;communitybuilding
codegolf;ham;programmers;puzzling;softwarerecs
linguistics;islam
wordpress;drupal;ux;stackoverflow;martialarts;civicrm;expressionengine;magento
sustainability;cooking
law;opendata;opensource
unix;askubuntu;elementaryos
law;math;pm
sound;ux;communitybuilding;workplace
worldbuilding;astronomy
mechanics;bicycles
diy;outdoors;woodworking
bricks;woodworking
freelancing;programmers;startups;workplace;softwarerecs;opensource
opensource;video
salesforce;pm
ux;graphicdesign;chemistry;homebrew;tex;cogsci;mathematica;photo;computergraphics
tridion;sharepoint
craftcms;pt.stackoverflow
magento;russian;hsm
philosophy;skeptics
diy;sustainability
law;genealogy
webapps;video
arduino;networkengineering;hardwarerecs;electronics;raspberrypi
softwarerecs;photo
arduino;raspberrypi;electronics
expatriates;travel
unix;apple;raspberrypi
freelancing;startups
hermeneutics;academia;writers
worldbuilding;movies;scifi
webapps;webmasters
worldbuilding;hsm
mathoverflow.net;crypto
apple;tridion
diy;mechanics
sustainability;gardening
gamedev;computergraphics
opendata;gis
graphicdesign;judaism
scicomp;codegolf;cs;electronics;stats;robotics;engineering;computergraphics
skeptics;biology
emacs;superuser;apple;elementaryos;vi;askubuntu;hardwarerecs
security;tor;bitcoin
programmers;opensource
productivity;martialarts
superuser;askubuntu
german;italian;writers;english
linguistics;german;italian;japanese;english
diy;mechanics
gamedev;softwarerecs;raspberrypi;sqa
unix;askubuntu
tex;academia;writers
vi;ux
ja.stackoverflow;boardgames
worldbuilding;physics
chinese;italian;ell;english
joomla;serverfault;tridion;dba;drupal;blender;askubuntu;android;diy;gis;civicrm;superuser;craftcms
wordpress;expressionengine;craftcms;webmasters;pt.stackoverflow
english;japanese;ell
hardwarerecs;scifi
stats;quant;datascience;dsp
serverfault;superuser
superuser;stackoverflow;codereview;pt.stackoverflow
english;japanese;linguistics;german;ell;italian
blender;graphicdesign
cogsci;communitybuilding;hsm
patents;hardwarerecs
quant;math
serverfault;magento;webapps;apple;writers;workplace;academia;salesforce;emacs;unix;sharepoint;meta;communitybuilding;softwarerecs;portuguese;wordpress;drupal;tor;expressionengine;security;android;windowsphone;ux;webmasters;civicrm;superuser;productivity
wordpress;magento;craftcms
dsp;opendata;computergraphics
civicrm;workplace
ux;startups
wordpress;craftcms
ru.stackoverflow;pt.stackoverflow
homebrew;mechanics
law;freelancing;travel;opendata;politics;workplace;expatriates;academia;genealogy;history
poker;startups
skeptics;islam;travel;writers;expatriates;communitybuilding;outdoors
joomla;serverfault;magento;datascience;dba;superuser;blender;apple;emacs;cogsci;codereview;scicomp;vi;craftcms;mechanics;pm;wordpress;drupal;tor;video;sqa;sports;workplace;expressionengine;stackoverflow;programmers;gamedev;webmasters;computergraphics;raspberrypi;productivity;hardwarerecs
programmers;sqa;workplace
physics;hsm
sound;poker;video
bricks;bicycles
stats;datascience
bicycles;aviation;travel;parenting;martialarts;bricks;pets;skeptics;lifehacks;ham;diy;space;chemistry;electronics;sustainability;outdoors;mechanics;engineering;woodworking
graphicdesign;video
quant;money
law;startups;opensource
quant;law;islam;opendata;startups;softwarerecs;economics;communitybuilding;freelancing;opensource
wordpress;dsp;photo;pets
wordpress;drupal;ux;ebooks;salesforce;magento;stackoverflow;programmers;sharepoint;ja.stackoverflow;webmasters;codereview;ru.stackoverflow;graphicdesign;softwarerecs;pt.stackoverflow;joomla
security;biology
stackapps;math;salesforce
rus;russian
video;photo
law;expatriates
movies;scifi
serverfault;askubuntu;apple;raspberrypi;superuser
law;patents;freelancing;opensource
security;meta;communitybuilding;webmasters
meta;webapps;softwarerecs;stackapps
history;hsm
tex;networkengineering;dba
german;english;ell
scicomp;mathoverflow.net;cs;math;cstheory;puzzling
wordpress;ux;webapps;ebooks;salesforce;emacs;stackoverflow;programmers;cs50;ja.stackoverflow;webmasters;codereview;ru.stackoverflow;graphicdesign;softwarerecs;pt.stackoverflow
linguistics;mythology;martialarts
rus;russian
ux;graphicdesign;mathematica
apple;elementaryos
rus;russian
security;tor;crypto
stats;quant;economics;datascience;opendata
writers;scifi
reverseengineering;robotics;electronics;raspberrypi
unix;askubuntu;elementaryos
bricks;chemistry;lifehacks
arduino;raspberrypi;electronics
serverfault;apple;dba;superuser;reverseengineering;mathematica;unix;cogsci;hardwarerecs;cs50;electronics;raspberrypi;productivity;computergraphics
android;windowsphone
italian;english;linguistics;german;ell;russian
serverfault;hardwarerecs;superuser
codereview;cstheory
freelancing;startups
travel;productivity;writers;sustainability;chess;pm;woodworking
meta;patents;pm
unix;tor
worldbuilding;history;space
buddhism;rpg
matheducators;sqa
android;windowsphone;raspberrypi;arduino
freelancing;poker;boardgames;martialarts;sound;coffee;homebrew;beer;chinese;musicfans;health;russian;pm;cs50
scicomp;expressionengine;codereview;craftcms;mathematica;gamedev
webapps;webmasters
scicomp;mathematica
mechanics;french
security;unix;tor;webmasters;superuser;networkengineering
unix;askubuntu;elementaryos
worldbuilding;history
stackoverflow;ja.stackoverflow
gaming;magento
stats;dsp;datascience;musicfans;beer
programmers;sqa
skeptics;freelancing;programmers;workplace;economics;softwarerecs
wordpress;drupal;buddhism;opendata;sports;opensource
emacs;vi;tex
codereview;craftcms;es.stackoverflow;salesforce
android;bicycles;gis;outdoors;arduino;aviation;softwarerecs;robotics;hardwarerecs
martialarts;sports
emacs;bicycles
space;aviation
es.stackoverflow;networkengineering
history;hsm
stats;datascience
unix;diy
aviation;engineering
joomla;unix;serverfault;askubuntu;dba;android;civicrm;superuser;craftcms;salesforce;sharepoint
android;arduino
rus;russian
wordpress;expressionengine;meta;joomla;civicrm;vi;stackapps;craftcms
italian;english;japanese;german;ell;russian
scicomp;codegolf;cs;dsp;softwarerecs;mathematica;photo;computergraphics
expatriates;lifehacks
unix;magento;serverfault;raspberrypi;drupal
philosophy;buddhism
stackoverflow;ja.stackoverflow
expressionengine;craftcms
academia;writers
ru.stackoverflow;stackoverflow;codereview;pt.stackoverflow
writers;sound;docs-beta;video;blender;stackapps;communitybuilding;gis;ebooks
datascience;programmers;softwarerecs
academia;matheducators;cs50
law;money
unix;apple;elementaryos;superuser;blender;vi;askubuntu;softwarerecs
italian;ell
emacs;vi;mechanics
programmers;pm
stats;dsp;economics
meta;stackapps
skeptics;history;christianity
unix;askubuntu;raspberrypi;elementaryos
wordpress;drupal;expressionengine
physics;chemistry;hsm;engineering
robotics;apple;elementaryos;unix;arduino;ebooks;lifehacks;security;ham;windowsphone;raspberrypi;hardwarerecs
economics;math
economics;money
earthscience;physics
windowsphone;ux
hermeneutics;christianity
codegolf;boardgames
quant;money;freelancing
unix;ru.stackoverflow;stackoverflow;es.stackoverflow;ja.stackoverflow
arduino;physics;electronics
chinese;writers
quant;startups
christianity;buddhism;skeptics;cogsci;judaism
mathoverflow.net;cstheory
health;skeptics
wordpress;unix;meta;drupal;stackapps;craftcms;ux
ham;electronics
boardgames;writers
mathoverflow.net;math;mathematica
wordpress;joomla;mathematica
joomla;serverfault;magento;webapps;apple;bicycles;dba;superuser;tor;reverseengineering;salesforce;bitcoin;unix;codereview;opensource;ja.stackoverflow;travel;craftcms;softwarerecs;tridion;wordpress;drupal;ux;communitybuilding;opendata;elementaryos;askubuntu;ebooks;raspberrypi;android;windowsphone;skeptics;programmers;webmasters;civicrm;expressionengine;networkengineering;aviation;sharepoint
superuser;windowsphone;ru.stackoverflow
codegolf;graphicdesign;movies;video;blender;mathematica;gamedev;computergraphics
android;webapps
history;islam;hinduism;mythology;judaism
electronics;engineering;robotics
stackoverflow;cs
cogsci;parenting
physics;hsm
earthscience;opensource
health;skeptics;lifehacks
sustainability;engineering
homebrew;beer
wordpress;ux;craftcms;space;aviation;outdoors;robotics;sharepoint
webapps;genealogy;salesforce
politics;datascience;opendata;writers;workplace;philosophy;bricks;law;ham;skeptics;academia;pm;cs;expatriates;physics;history;hsm;engineering;parenting
travel;politics;cooking
linguistics;german;travel
ham;lifehacks
history;hsm
rus;russian
mathoverflow.net;math;crypto
diy;cooking
mythology;cogsci
meta;stackapps
economics;boardgames
codegolf;cstheory
tor;bitcoin
health;bicycles
german;english;ell;japanese;chinese
drupal;math
stackoverflow;gamedev
physics;chemistry;crypto
android;windowsphone;webapps;apple;elementaryos;stackapps;meta
stackapps;docs-beta
genealogy;travel
superuser;elementaryos;bitcoin
buddhism;hermeneutics;linguistics;german;skeptics;italian
magento;pm
writers;scifi
serverfault;dba;superuser;blender;reverseengineering;bitcoin;emacs;ham;ru.stackoverflow;ja.stackoverflow;vi;networkengineering;softwarerecs;tor;tridion;video;unix;arduino;ebooks;pt.stackoverflow;security;android;stackoverflow;programmers;webmasters;raspberrypi;gaming;hardwarerecs
cogsci;russian;productivity;workplace
expatriates;workplace
ham;stackapps
joomla;magento
security;cooking
webapps;freelancing;workplace
stats;scicomp
expatriates;history;freelancing;travel
meta;stackapps;ebooks
space;sustainability
wordpress;joomla;stackapps;es.stackoverflow;salesforce;pt.stackoverflow;expressionengine;stackoverflow;codereview;ja.stackoverflow;webmasters;ru.stackoverflow;softwarerecs;sharepoint
sound;networkengineering;bicycles;video
android;apple;elementaryos;matheducators;workplace
chess;mathematica
dsp;cogsci
craftcms;english
sound;raspberrypi
sustainability;lifehacks
sustainability;bitcoin
math;cs
health;biology;lifehacks;islam;parenting
diy;networkengineering;hardwarerecs
meta;stackapps;docs-beta
hermeneutics;mythology
opensource;video
buddhism;hinduism;martialarts
law;ham;money;skeptics;startups;workplace;expatriates;academia;genealogy;history
scicomp;stackapps;programmers
mythology;chess
ux;freelancing;elementaryos;sound;bricks;meta;robotics;space;programmers;docs-beta;electronics;patents;networkengineering;engineering;woodworking
sound;datascience;pm;writers
stackoverflow;ru.stackoverflow;tridion;dba;es.stackoverflow;pt.stackoverflow
drupal;chess;poker;sports
politics;pets
stats;datascience
meta;english;japanese;french;german;stackapps;ell
ru.stackoverflow;stackoverflow;es.stackoverflow;ja.stackoverflow;pt.stackoverflow
bricks;movies;scifi
aviation;mechanics
health;skeptics;parenting
worldbuilding;space;astronomy
serverfault;stackoverflow;dba
rus;russian
expatriates;travel;beer
meta;history;politics
ham;tor;networkengineering;dsp
joomla;sharepoint
arduino;diy;electronics;raspberrypi
stackoverflow;ru.stackoverflow;dba;ja.stackoverflow;pt.stackoverflow
meta;freelancing;startups;skeptics;webmasters
expressionengine;craftcms;opensource;gamedev
scicomp;dsp;tex;datascience;cs;stats;programmers;math;mathoverflow.net;bitcoin
quant;bricks;money;bitcoin
german;italian;english
law;genealogy;beer
history;hsm
ham;gardening
graphicdesign;video
physics;travel;productivity
stats;quant
dsp;magento;craftcms;tridion;blender;ux;mathematica;expressionengine;islam;codereview;stackoverflow;ebooks;raspberrypi;computergraphics
webapps;ebooks
academia;matheducators
codereview;stackoverflow;programmers
blender;reverseengineering;ebooks
diy;tridion
sound;physics
datascience;dba
civicrm;unix;softwarerecs
stats;datascience
english;ell
meta;ux
hardwarerecs;musicfans;video
buddhism;biology;parenting;fitness;pets;health;skeptics;cogsci;productivity
cooking;gardening
datascience;askubuntu;apple;elementaryos;video
quant;dba
diy;lifehacks
music;robotics;engineering
wordpress;unix;meta;craftcms;ux;joomla;expressionengine;askubuntu;webapps;magento
scicomp;blender;bitcoin;computergraphics
philosophy;buddhism;islam;hinduism
stats;quant;freelancing;dsp
codereview;cs
biology;chemistry
stackoverflow;codereview;pt.stackoverflow
cstheory;cs
joomla;ux;parenting;writers;worldbuilding;philosophy;academia;skeptics;opendata;cogsci;musicfans;expatriates;history;craftcms;cooking;puzzling;elementaryos
linguistics;russian;japanese;ell
photo;computergraphics
superuser;webapps;apple;elementaryos;ja.stackoverflow;stackoverflow;stackapps;askubuntu
german;english;japanese
serverfault;windowsphone;travel;android
android;windowsphone;video;blender;raspberrypi;gamedev
rpg;chess;crypto;bitcoin;martialarts
tor;bitcoin
arduino;robotics
security;reverseengineering
wordpress;serverfault;magento;joomla;drupal;craftcms
freelancing;webapps;programmers;opensource;ja.stackoverflow
tex;genealogy;webmasters
rus;russian
skeptics;movies;opendata
stats;mythology
security;serverfault;es.stackoverflow;ru.stackoverflow;ja.stackoverflow;webmasters;codereview
rpg;boardgames;bitcoin;martialarts
english;ell
stats;worldbuilding;outdoors
worldbuilding;space;astronomy
civicrm;android;windowsphone
cogsci;homebrew
outdoors;sports
movies;scifi
earthscience;engineering;cooking
poker;productivity
chinese;productivity
scicomp;datascience;mathematica
rpg;scifi
quant;scicomp;stackoverflow;datascience;dsp;stats;robotics
joomla;expressionengine;magento;craftcms;webmasters
sound;music;hardwarerecs
mathoverflow.net;cstheory
superuser;windowsphone
health;lifehacks;cooking
unix;askubuntu;raspberrypi
ham;aviation
skeptics;space;judaism;sports;worldbuilding;history;workplace;lifehacks;scifi
martialarts;workplace;sqa;fitness;sports;chess;pets;outdoors;pm;bicycles
unix;opensource
gamedev;computergraphics
movies;boardgames;scifi
economics;money
ux;graphicdesign;webmasters
programmers;opensource
cogsci;productivity
salesforce;dba
bricks;webapps;movies;parenting
emacs;vi;ux
earthscience;astronomy
earthscience;physics;fitness;worldbuilding;bricks;skeptics;beer;lifehacks;health;diy;space;chemistry;cooking;astronomy;homebrew;sustainability;outdoors
rus;russian
english;japanese;chinese;german;ell;italian
law;money;startups;politics;academia;patents
civicrm;webapps;gis;blender;graphicdesign;mathematica
hermeneutics;christianity
hermeneutics;islam;hinduism;judaism;christianity
webapps;webmasters
security;apple;raspberrypi;bitcoin;ja.stackoverflow
lifehacks;christianity
wordpress;drupal;biology;tridion;hsm
serverfault;stackoverflow;ru.stackoverflow;dba;gis;programmers;sharepoint;codereview;pt.stackoverflow
stats;joomla;magento
homebrew;beer
codegolf;scicomp;arduino;reverseengineering;es.stackoverflow;robotics;pt.stackoverflow;emacs;stackoverflow;programmers;ja.stackoverflow;codereview;ru.stackoverflow;softwarerecs;raspberrypi;gamedev;computergraphics
rus;russian
blender;expressionengine;tor
stackoverflow;ru.stackoverflow;ja.stackoverflow;boardgames;sqa;salesforce;pt.stackoverflow
unix;webapps;elementaryos;superuser
space;astronomy
gamedev;computergraphics
joomla;magento
magento;craftcms;codereview
skeptics;space;physics;hsm;astronomy
joomla;expressionengine;magento
quant;scicomp;datascience;opendata;cs;dsp;stats;cstheory;hsm;robotics
biology;tor;reverseengineering;bitcoin
stackoverflow;ja.stackoverflow;pt.stackoverflow
magento;freelancing;lifehacks;startups;ebooks
serverfault;webapps;apple;dba;unix;askubuntu;bitcoin;android;windowsphone;superuser;softwarerecs;raspberrypi;sharepoint
spanish;portuguese
health;gardening
security;superuser;webapps;crypto
homebrew;beer
ham;sustainability;outdoors;photo
italian;ell
civicrm;salesforce
datascience;matheducators;politics;japanese
homebrew;cooking
worldbuilding;skeptics;history;pm;workplace
unix;superuser;askubuntu;elementaryos;raspberrypi
academia;startups
chinese;japanese
emacs;cs
space;startups
cs50;elementaryos
law;money;freelancing;travel;startups;expatriates
worldbuilding;mythology
reverseengineering;tridion
serverfault;programmers
parenting;boardgames
physics;computergraphics
german;english;ell;italian
hardwarerecs;engineering;robotics
programmers;pm;sqa
codegolf;puzzling
expatriates;money
tex;woodworking
sound;codegolf;video;computergraphics
arduino;electronics
joomla;outdoors;mathematica;gardening;pm
tor;webmasters
expatriates;travel
worldbuilding;philosophy;physics;astronomy
stackoverflow;ru.stackoverflow;ja.stackoverflow;pt.stackoverflow
mathoverflow.net;cstheory
wordpress;drupal;askubuntu;android
economics;money
chinese;english;japanese;linguistics;german;ell;italian
chess;poker;boardgames
physics;astronomy
mathoverflow.net;matheducators;docs-beta;hsm
emacs;superuser;stackoverflow;ru.stackoverflow;ja.stackoverflow;vi;pt.stackoverflow;softwarerecs;programmers
ux;gamedev
health;fitness;pets
quant;money
codegolf;chinese;puzzling
movies;scifi
earthscience;ell
stackoverflow;ru.stackoverflow;pt.stackoverflow
serverfault;ja.stackoverflow
rpg;robotics;gamedev
linguistics;mythology;japanese
hermeneutics;christianity
vi;video
bricks;bicycles;hardwarerecs;pets
blender;ux;networkengineering
tor;apple;sqa;gaming;reverseengineering;es.stackoverflow;ux;pt.stackoverflow;security;stackoverflow;programmers;ja.stackoverflow;codereview;ru.stackoverflow;graphicdesign;softwarerecs;gamedev
academia;workplace;startups;money
codegolf;gamedev
stats;math
tor;webapps;startups;stackapps;genealogy;academia
civicrm;wordpress
superuser;windowsphone;webapps;video;android;sound;ebooks
hermeneutics;christianity
joomla;drupal
buddhism;cogsci
history;politics
elementaryos;video
english;cs;linguistics;philosophy;russian;cstheory
magento;poker
sound;video
stats;magento
superuser;askubuntu;hardwarerecs
programmers;cs50
rus;russian
judaism;bitcoin
physics;chemistry
ell;english;japanese;french
tor;programmers;opensource
rus;russian
ham;music;economics;chess;robotics;computergraphics
ux;parenting;pets;worldbuilding;philosophy;chess;skeptics;cogsci;matheducators;musicfans;hsm;productivity;poker
english;ell
mathoverflow.net;math;hsm
chinese;opendata;linguistics;german;russian;cs50
cogsci;sqa
parenting;pets
ru.stackoverflow;ja.stackoverflow;pt.stackoverflow
diy;woodworking
chinese;musicfans
space;chemistry;woodworking;blender;sustainability;engineering
philosophy;hsm
skeptics;politics
space;astronomy
sound;bricks;parenting;puzzling;scifi
cstheory;cs
cstheory;cs
law;bricks;sustainability;lifehacks
joomla;codereview
programmers;opensource;sqa;stackapps;mathematica;pm
arduino;electronics
chinese;russian
history;sustainability;outdoors;lifehacks;judaism
arduino;cs50
skeptics;fitness
blender;communitybuilding;graphicdesign;computergraphics
security;tor
skeptics;freelancing;startups;writers;opensource
magento;gis
joomla;ux;magento
emacs;superuser;tex;graphicdesign;chinese;ebooks;elementaryos
bricks;travel;bicycles;cooking
diy;sustainability
meta;stackapps
arduino;mathematica
genealogy;beer
worldbuilding;music;space;sustainability;puzzling
linguistics;opendata
startups;workplace
askubuntu;webmasters
security;stackoverflow;programmers;fitness;civicrm;salesforce;sharepoint;pt.stackoverflow
physics;astronomy
health;fitness
history;politics
history;genealogy
civicrm;pm;productivity
spanish;portuguese
chess;poker;boardgames
dba;pt.stackoverflow
hermeneutics;movies
coffee;chess
joomla;tor;biology;parenting;sharepoint;economics;bitcoin;elementaryos
hinduism;christianity
serverfault;apple;elementaryos;video;sound;arduino;reverseengineering;lifehacks;bitcoin;ebooks;security;android;opensource;raspberrypi;startups
academia;workplace
linguistics;german;english;ell;italian
mathoverflow.net;math;physics;poker;cstheory
hermeneutics;tex
dsp;windowsphone;lifehacks;musicfans;music;blender;sound;askubuntu;italian;elementaryos
spanish;portuguese
bricks;robotics
music;math;chess;matheducators;hsm
webapps;stackoverflow;gis;ja.stackoverflow;es.stackoverflow;pt.stackoverflow
quant;dsp;datascience;raspberrypi;blender;reverseengineering;emacs;unix;ru.stackoverflow;ja.stackoverflow;softwarerecs;codegolf;scicomp;tor;sqa;arduino;askubuntu;robotics;pt.stackoverflow;stackoverflow;programmers;gis;stats;codereview;stackapps;gamedev
philosophy;math;matheducators;puzzling;cs
windowsphone;webapps
datascience;magento;codereview;opendata;gis
worldbuilding;space
elementaryos;computergraphics
writers;english;gis;martialarts;musicfans;german;stackapps;beer;ell
cstheory;cs
superuser;askubuntu;elementaryos;hardwarerecs
blender;webmasters;video;productivity;pm
english;japanese
health;fitness
scicomp;mathoverflow.net;math;cstheory;mathematica
outdoors;lifehacks
sound;sqa;homebrew;productivity
diy;sports
codegolf;superuser;apple;opendata;video;dsp;sound;arduino;raspberrypi;android;windowsphone;electronics;unix;softwarerecs;mechanics;hardwarerecs;elementaryos
serverfault;tor
earthscience;aviation
elementaryos;hardwarerecs
magento;sharepoint
blender;opendata
reverseengineering;robotics;electronics;raspberrypi
sound;serverfault;networkengineering;softwarerecs
freelancing;startups;writers;workplace;bricks;chess;robotics;scicomp;ham;cogsci;space;chemistry;opensource;astronomy;economics;genealogy;russian;pm;poker;law;opendata;video;sound;linguistics;aviation;ebooks;engineering;skeptics;matheducators;photo;music;patents;academia;productivity;chinese
italian;french
android;tex;scifi
expressionengine;magento;cs50;gis;civicrm;vi;craftcms;mathematica;tor;sharepoint;salesforce
bitcoin;superuser;stackapps;raspberrypi;writers
diy;engineering
woodworking;engineering
linguistics;philosophy
spanish;italian;ell;chinese
ebooks;photo
askubuntu;ebooks;raspberrypi
scicomp;dsp;earthscience;biology;codereview;parenting;matheducators;chemistry
security;money
civicrm;money;freelancing;startups
genealogy;chinese
german;russian;japanese;english
engineering;genealogy;opendata;sqa
tex;ux
security;softwarerecs
homebrew;beer
ux;opensource
robotics;electronics
sound;music
linguistics;german
dsp;cogsci
scicomp;crypto
hermeneutics;christianity
meta;ux
health;fitness;martialarts
stats;datascience
stackoverflow;codereview;ja.stackoverflow;ru.stackoverflow;pt.stackoverflow;softwarerecs;raspberrypi;programmers
programmers;robotics;cs
movies;scifi
datascience;video;martialarts
biology;fitness
diy;lifehacks
diy;lifehacks
civicrm;cstheory
bricks;mechanics
expressionengine;magento
cs;datascience;homebrew;productivity;lifehacks
meta;stackapps;docs-beta
civicrm;ux;sharepoint
codegolf;coffee;skeptics;worldbuilding;hsm
photo;astronomy
quant;ux;datascience;gis;programmers;academia;cogsci;mathematica
unix;windowsphone;askubuntu;apple;elementaryos;craftcms;ux;puzzling
health;cooking
bricks;opendata
security;reverseengineering
worldbuilding;history
academia;datascience
gamedev;graphicdesign;mathematica;gis
stackapps;windowsphone;elementaryos;ebooks
codereview;ux;programmers;gamedev
communitybuilding;hinduism;anime
rus;russian
cogsci;biology
security;unix;serverfault;networkengineering;superuser
health;skeptics;islam;cooking
linguistics;chinese;japanese
stats;cs
law;expatriates
lifehacks;engineering
ebooks;writers
serverfault;apple;dba;superuser;blender;reverseengineering;bitcoin;unix;ru.stackoverflow;ja.stackoverflow;softwarerecs;tor;video;sqa;sound;askubuntu;ebooks;pt.stackoverflow;security;android;diy;stackoverflow;programmers;gamedev;raspberrypi;hardwarerecs
rus;russian
coffee;beer
blender;gamedev;gis
beer;homebrew;cooking
bricks;sustainability
android;hardwarerecs
sustainability;lifehacks;productivity
wordpress;drupal;meta;webapps;expressionengine;vi;stackapps;communitybuilding
hinduism;fitness
space;astronomy
history;politics
space;aviation
diy;sustainability
quant;skeptics;codereview;english;hsm;german;engineering;academia;gamedev;ell
meta;stackapps;docs-beta
diy;lifehacks;gardening;pets
meta;communitybuilding
mathoverflow.net;math;matheducators;salesforce
stackapps;docs-beta
tex;ux
serverfault;webmasters
chinese;japanese;french;german;ell;english
hinduism;sustainability;outdoors;judaism;islam
productivity;sustainability;lifehacks;writers
ja.stackoverflow;pt.stackoverflow
aviation;apple
money;movies;poker;martialarts;math;ell;cogsci;space;english;cs;health;rpg;genealogy;russian;photo;networkengineering;woodworking;sqa;sports;linguistics;beer;programmers;chinese;crypto;stats;music;academia;engineering;computergraphics;buddhism;travel;writers;bricks;chess;ux;gardening;christianity;biology;chemistry;japanese;hinduism;pm;musicfans;earthscience;physics;boardgames;pets;philosophy;gaming;aviation;cstheory;mathoverflow.net;graphicdesign;matheducators;politics;anime;coffee;german;patents;hsm;opensource
ebooks;bitcoin
cstheory;cs
drupal;webapps;apple;judaism;sharepoint;android;history;expressionengine;softwarerecs;productivity;opendata
dsp;raspberrypi;ja.stackoverflow
sustainability;outdoors;beer
reverseengineering;ru.stackoverflow
linguistics;datascience;opendata
civicrm;expressionengine;stackapps
stackapps;reverseengineering;es.stackoverflow;pt.stackoverflow;security;stackoverflow;programmers;docs-beta;ja.stackoverflow;codereview;ru.stackoverflow;softwarerecs
meta;stackapps;docs-beta
skeptics;islam;history;politics
freelancing;programmers;startups;webmasters;softwarerecs;elementaryos
ell;french
diy;mechanics;woodworking;lifehacks
english;japanese;chinese;german;ell;italian
rpg;pm;workplace
economics;patents
vi;rpg;graphicdesign
ham;webapps;hardwarerecs;video;bricks;communitybuilding;softwarerecs;lifehacks;graphicdesign
meta;poker;boardgames;sports;academia;martialarts;chess;opensource
sports;chess;startups;puzzling;poker
linguistics;homebrew;beer
photo;computergraphics
history;biology;judaism;hsm
emacs;vi
stats;quant;blender;engineering
german;italian;ell;japanese;chinese
serverfault;networkengineering;woodworking;hardwarerecs;superuser
webapps;softwarerecs;tridion
meta;workplace
graphicdesign;cs50
worldbuilding;space;physics;hsm;astronomy
security;joomla;tor;askubuntu;cs50;webmasters;bitcoin;hardwarerecs;craftcms;raspberrypi;gamedev
freelancing;startups
scicomp;computergraphics;mathematica;cs;cstheory
ux;apple;stackapps
emacs;vi;meta
bricks;travel
coffee;lifehacks
music;ham
law;money
economics;sustainability
german;russian;japanese;english
tex;ux
codegolf;chinese;judaism
expatriates;travel
scicomp;codegolf;codereview;mathematica;security
bricks;astronomy
academia;patents
history;politics
magento;startups;bitcoin
math;cs
mathoverflow.net;matheducators;academia;math;hsm;puzzling
dsp;ell;parenting;english
drupal;gis
codegolf;linguistics;datascience;codereview;japanese
rpg;boardgames
webapps;webmasters
meta;stackapps;docs-beta
german;ell
security;tor;softwarerecs;sqa
linguistics;russian;puzzling;opendata
expressionengine;craftcms
crypto;bitcoin
parenting;pets
philosophy;physics;hsm;astronomy
ebooks;opensource
security;serverfault;tor;superuser
chemistry;astronomy
martialarts;chess;sports
startups;pm
wordpress;craftcms;codereview;cs50
freelancing;workplace
tor;networkengineering;homebrew;photo;mechanics
wordpress;tex
tor;astronomy;fitness;martialarts;networkengineering;productivity;bicycles
history;genealogy
magento;tridion;stackapps;opendata;salesforce;bitcoin;pt.stackoverflow;stackoverflow;programmers;opensource;ja.stackoverflow;civicrm;codereview;ru.stackoverflow;softwarerecs;computergraphics
unix;tor;ru.stackoverflow;superuser;serverfault;raspberrypi
ux;opendata
softwarerecs;productivity
cogsci;skeptics
outdoors;cs;gardening
coffee;gardening
expressionengine;craftcms;writers
arduino;poker
cs50;crypto
joomla;drupal;meta;craftcms;tridion;dba;communitybuilding;sharepoint
spanish;portuguese
physics;hsm
mythology;skeptics;martialarts;worldbuilding;history;rpg
health;cogsci;skeptics
codegolf;reverseengineering;tridion
movies;scifi
bicycles;hardwarerecs
engineering;physics;hsm;photo;astronomy
drupal;movies;english;chinese;writers;linguistics;german;japanese;ell;italian
es.stackoverflow;dba
english;ell
linguistics;mythology
superuser;hardwarerecs
joomla;tridion
law;patents;ebooks;opensource
homebrew;beer
ja.stackoverflow;pt.stackoverflow
scicomp;cs
philosophy;christianity
hardwarerecs;photo
unix;askubuntu;elementaryos
mathematica;dba
arduino;ru.stackoverflow;gamedev;photo
rus;russian
linguistics;english;ell;chinese
mechanics;bicycles
diy;raspberrypi;mechanics
cstheory;cs
genealogy;parenting;pets
stackoverflow;codereview
cstheory;cs
arduino;electronics
unix;stackoverflow;ru.stackoverflow;elementaryos;ja.stackoverflow;serverfault;codereview;superuser;askubuntu;apple
blender;drupal;tex;bitcoin
scicomp;cstheory;cs
physics;engineering
meta;webapps
ham;poker
movies;math
health;skeptics;lifehacks
pm;productivity
fitness;dba
physics;computergraphics
graphicdesign;photo
music;mechanics
english;ell
quant;ux;patents;datascience;opendata;writers;health;academia;genealogy;robotics;productivity
security;serverfault;webapps;crypto;joomla;webmasters;stackapps;networkengineering;salesforce;sharepoint
english;ell
earthscience;anime
diy;woodworking;pets
codegolf;drupal;genealogy;salesforce;expressionengine
worldbuilding;rpg
joomla;magento
parenting;pets
bricks;mechanics;engineering;bicycles
expressionengine;craftcms
law;patents;startups;opensource
skeptics;history;writers;english
mathoverflow.net;math
ru.stackoverflow;stackoverflow;apple;ja.stackoverflow;es.stackoverflow
hinduism;scifi
blender;craftcms
unix;serverfault
graphicdesign;softwarerecs;poker;computergraphics
german;english;ell
spanish;portuguese
stackoverflow;codereview;pt.stackoverflow
webapps;communitybuilding;writers;webmasters
earthscience;outdoors
law;softwarerecs;lifehacks;astronomy
expatriates;history;genealogy;beer
mathoverflow.net;cstheory
philosophy;hinduism
space;bitcoin
elementaryos;hardwarerecs
skeptics;biology
magento;craftcms
craftcms;webapps;robotics
superuser;patents;travel;opendata;android;judaism;askubuntu;windowsphone;law;ham;cogsci;cs50;networkengineering;raspberrypi;startups
security;serverfault;tor;networkengineering;superuser
communitybuilding;workplace
math;physics;hsm;crypto
emacs;unix;askubuntu;elementaryos;drupal
sound;video
unix;vi
math;physics
tridion;dba
civicrm;joomla;networkengineering
es.stackoverflow;movies
serverfault;stackoverflow;ru.stackoverflow
stats;scicomp
security;crypto
unix;askubuntu
bricks;sustainability
scicomp;mathematica
money;freelancing;magento
writers;italian;english;japanese;linguistics;german;russian;ell;chinese
math;matheducators
sound;ham;arduino;video;dsp
tor;bicycles
joomla;expressionengine;tor
ux;askubuntu;stackapps;elementaryos
video;sports
expatriates;money
ham;raspberrypi;music;arduino;bricks;robotics
photo;computergraphics
codegolf;superuser;ux;apple;elementaryos;unix;sound;arduino;askubuntu;android;windowsphone;music;raspberrypi
expressionengine;craftcms
rpg;graphicdesign
codegolf;stackoverflow;cs50
linguistics;writers;music
blender;german;chinese;japanese;italian
stackoverflow;ru.stackoverflow;opendata;ja.stackoverflow;codereview;stackapps;craftcms;salesforce;pt.stackoverflow
math;mathematica
scicomp;math
superuser;video;ja.stackoverflow
sound;beer;boardgames
cstheory;cs
blender;patents
health;fitness
philosophy;islam;judaism
serverfault;tor
wordpress;expressionengine;craftcms
codereview;programmers;cstheory;cs
coffee;skeptics;cooking
skeptics;politics
money;chess
health;homebrew
worldbuilding;earthscience
mathoverflow.net;cstheory
law;unix;writers;emacs;patents;homebrew;pm
ham;diy
expatriates;aviation;travel
stackoverflow;ru.stackoverflow;ja.stackoverflow;sharepoint;pt.stackoverflow
hermeneutics;christianity
freelancing;travel;opendata;expatriates;matheducators;economics;aviation;sustainability;patents
mythology;christianity
unix;ja.stackoverflow;superuser
health;pets
physics;robotics;engineering
german;english;ell;italian
movies;scifi
ham;programmers;ja.stackoverflow;matheducators;stackapps;networkengineering;pm
wordpress;joomla;craftcms;salesforce
elementaryos;politics
blender;writers
emacs;english;chinese;japanese;linguistics;mathematica;ell
graphicdesign;salesforce;sharepoint
law;startups
emacs;tex;webapps;codereview;writers;vi;academia;ebooks;mathematica
lifehacks;mechanics
bricks;magento
history;boardgames
worldbuilding;health;skeptics;productivity
robotics;video;raspberrypi
askubuntu;networkengineering
german;italian;ell
bricks;economics;bitcoin;startups
math;hsm
security;stackapps
rus;russian
joomla;dba;sharepoint
quant;stackoverflow;codereview;puzzling;computergraphics;mathematica;gamedev;robotics
webapps;ja.stackoverflow
wordpress;serverfault;magento;tridion;sqa;drupal;chess;stackoverflow;expressionengine;biology;programmers;chinese;joomla;webmasters;civicrm;codereview;craftcms;softwarerecs
serverfault;sharepoint
history;hsm
tor;physics;judaism;writers;worldbuilding;philosophy;arduino;lifehacks;cogsci;islam;english;japanese;german;hinduism;hsm
italian;english;japanese;german;ell;russian
music;musicfans
cogsci;cs;worldbuilding;philosophy;robotics;hsm
superuser;tor;webapps;elementaryos;askubuntu;softwarerecs
expatriates;genealogy
worldbuilding;cogsci;skeptics
sound;dba
sports;bicycles;mechanics
stackoverflow;ru.stackoverflow;sqa;codereview;sharepoint;pt.stackoverflow
civicrm;drupal
gamedev;computergraphics
stats;workplace
joomla;unix;tor;tridion;dba;serverfault;civicrm;magento
freelancing;workplace
android;windowsphone
unix;mechanics
worldbuilding;earthscience;space;hsm;astronomy
sound;chemistry
worldbuilding;philosophy;academia;mathematica;hsm;ham;skeptics;space;gamedev;blender;cstheory;puzzling;computergraphics
cooking;productivity
cooking;gardening
outdoors;fitness;sports
diy;gardening
scicomp;codereview
space;astronomy
scicomp;mathoverflow.net;matheducators;mathematica;math;hsm;cstheory
music;movies;chess;opendata;math
codereview;programmers;ja.stackoverflow
cogsci;parenting
ja.stackoverflow;gamedev
android;windowsphone;apple;elementaryos;electronics;arduino;askubuntu;bricks;hardwarerecs;raspberrypi
expressionengine;magento;electronics;video;ham;sound;coffee;stackapps;craftcms;sharepoint
civicrm;emacs;arduino;reverseengineering;computergraphics
codegolf;expressionengine;ux;magento;computergraphics
quant;math
academia;freelancing;programmers;sqa
craftcms;salesforce
ux;craftcms
es.stackoverflow;codereview;ja.stackoverflow
stackoverflow;ru.stackoverflow;ja.stackoverflow;pt.stackoverflow
serverfault;apple;superuser
expatriates;patents;travel;freelancing
salesforce;sharepoint
coffee;homebrew;beer;cooking
coffee;cooking
scicomp;cstheory
serverfault;superuser
german;english
puzzling;sports
stats;dsp
android;apple;dba
civicrm;magento;webapps;dba;blender;craftcms;mathematica
matheducators;cstheory
tor;networkengineering;boardgames
raspberrypi;hardwarerecs
movies;scifi
expatriates;travel
english;japanese;french;chinese;german;russian;italian;ell
linguistics;german;russian;japanese;english
worldbuilding;space
ux;docs-beta
civicrm;money;magento;ja.stackoverflow
chinese;scifi
codegolf;codereview;communitybuilding;softwarerecs;puzzling
russian;ell;chinese
homebrew;beer
matheducators;cstheory
rus;ru.stackoverflow;russian
codegolf;stackoverflow;cs50;arduino;es.stackoverflow;pt.stackoverflow
patents;elementaryos
law;communitybuilding
rpg;martialarts
diy;cooking
unix;superuser
expressionengine;islam;parenting;workplace;civicrm;salesforce;productivity
wordpress;expressionengine;ux;craftcms
serverfault;datascience;gis;superuser;reverseengineering;salesforce;codereview;ja.stackoverflow;softwarerecs;codegolf;tridion;sqa;stackapps;askubuntu;pt.stackoverflow;security;stackoverflow;programmers;crypto;ru.stackoverflow;raspberrypi;gamedev
linguistics;italian
stats;datascience
health;coffee
scicomp;physics;hsm
ham;bricks;arduino;hardwarerecs
math;hsm
sound;music;musicfans
worldbuilding;mythology
ux;stackoverflow;codereview;craftcms;ebooks;salesforce
codegolf;tridion;sqa;stackapps;pt.stackoverflow;stackoverflow;programmers;docs-beta;gis;ja.stackoverflow;codereview;ru.stackoverflow;softwarerecs;gamedev
pm;freelancing;parenting;pets;worldbuilding;academia;workplace;robotics;cogsci;space;opensource;electronics;communitybuilding;arduino;productivity;startups
movies;musicfans;video;sound;ebooks;beer
sustainability;lifehacks;electronics
worldbuilding;skeptics
codereview;mathematica;cs
fitness;martialarts
expatriates;travel
windowsphone;matheducators;parenting;chinese;askubuntu;opendata
stackoverflow;codereview;ja.stackoverflow;ru.stackoverflow;pt.stackoverflow;gamedev;programmers
security;askubuntu;electronics;sound;arduino;networkengineering;robotics;hardwarerecs;raspberrypi
space;sustainability
worldbuilding;skeptics;history;politics;parenting
english;japanese;chinese;german;ell;russian
sound;graphicdesign;movies;video
space;astronomy;worldbuilding;philosophy;hinduism;productivity
security;unix;stackoverflow;ru.stackoverflow;ja.stackoverflow;superuser;webmasters;joomla;pt.stackoverflow
mechanics;electronics
movies;scifi
stackapps;askubuntu
cogsci;biology;pets
english;ell
quant;movies;opensource;beer
freelancing;workplace
coffee;sustainability
travel;chinese
pm;sqa
askubuntu;homebrew;cooking;elementaryos
stackoverflow;ru.stackoverflow;ja.stackoverflow;webmasters;codereview;gamedev;pt.stackoverflow
chemistry;engineering
security;serverfault;tridion;ham
communitybuilding;parenting
tex;graphicdesign;italian;russian
pm;parenting;sqa;chess;ell;cogsci;programmers;chinese;japanese;music;german;productivity;poker
cogsci;pets;skeptics;productivity;parenting
bricks;electronics;history;gardening
wordpress;joomla;meta;docs-beta
health;homebrew
ell;writers;japanese;chinese;german;italian;english
islam;christianity
emacs;vi
economics;beer;martialarts
rus;russian
sound;movies;writers
academia;english
hermeneutics;christianity
biology;hsm
wordpress;codereview;cs50;craftcms;mathematica;pt.stackoverflow
worldbuilding;mythology
music;musicfans
codegolf;datascience;softwarerecs;cs
diy;mechanics;engineering
codegolf;math;cs
ux;softwarerecs;musicfans
philosophy;cogsci
ja.stackoverflow;pt.stackoverflow
codegolf;codereview;cs;math;mathematica;puzzling
gaming;reverseengineering;tor;bitcoin;es.stackoverflow;codereview;ja.stackoverflow;gamedev;softwarerecs;ux;elementaryos;sqa;stackapps;arduino;askubuntu;ebooks;pt.stackoverflow;security;stackoverflow;programmers;productivity;ru.stackoverflow;graphicdesign;raspberrypi;hardwarerecs;computergraphics
wordpress;genealogy
sound;wordpress;craftcms;opensource
ham;space;elementaryos;electronics;martialarts;arduino;raspberrypi;mechanics;engineering;robotics
security;crypto
cstheory;cs
cstheory;cs
buddhism;hinduism;opensource;martialarts
coffee;homebrew;beer
codegolf;codereview;programmers;cs
tex;graphicdesign;elementaryos;academia;askubuntu;mathematica;gamedev
homebrew;beer
quant;vi;money;mathematica
pm;workplace
movies;scifi
bitcoin;patents;chess;chinese;writers
wordpress;expressionengine;cs50;dba;tridion;salesforce;pt.stackoverflow
music;hardwarerecs
diy;lifehacks
earthscience;fitness
arduino;cogsci;electronics;robotics
quant;robotics
rus;russian
expressionengine;craftcms;docs-beta;webmasters
ru.stackoverflow;arduino;softwarerecs;salesforce;vi
worldbuilding;movies;writers
ham;mechanics
es.stackoverflow;ru.stackoverflow;pt.stackoverflow
pm;sqa
bricks;woodworking;hardwarerecs
coffee;hinduism;christianity
coffee;sustainability;lifehacks
worldbuilding;gardening;pets
serverfault;tor;webmasters
ux;communitybuilding;datascience;bicycles;writers;academia;reverseengineering;gardening;diy;graphicdesign;bricks;productivity;rpg;sqa;mechanics;pm;woodworking
philosophy;hsm
cstheory;crypto
expressionengine;tex;japanese
communitybuilding;sports
philosophy;academia;buddhism;workplace
serverfault;tridion;sharepoint;superuser
outdoors;lifehacks;cooking
coffee;beer
german;ell;japanese
english;ell
worldbuilding;mythology;rpg;scifi
expressionengine;vi
worldbuilding;history;programmers;gamedev
german;english;ell;japanese;chinese
scicomp;softwarerecs;astronomy
superuser;salesforce
stats;quant;mathoverflow.net;math
joomla;unix;magento;apple;tridion;dba;expressionengine;civicrm;askubuntu;sharepoint;elementaryos
money;tridion
codegolf;meta;codereview;cs;craftcms;cstheory
vi;elementaryos;workplace
softwarerecs;raspberrypi;pm;opensource
scicomp;dsp;mathematica;gis;computergraphics
opensource;pm;workplace
cogsci;communitybuilding
blender;unix;askubuntu;elementaryos;superuser
wordpress;drupal;magento;pt.stackoverflow;expressionengine;stackoverflow;codereview;ja.stackoverflow;webmasters;civicrm;ru.stackoverflow;craftcms;joomla
softwarerecs;windowsphone;outdoors;opendata;gamedev
music;math;matheducators;productivity
academia;softwarerecs;opensource;writers
movies;scifi
mechanics;engineering
superuser;cs50
security;serverfault;elementaryos;superuser
opendata;gis
wordpress;expressionengine;ux;freelancing;joomla;civicrm;stackapps;craftcms
video;gamedev
codegolf;unix;vi
security;reverseengineering
health;biology;productivity
quant;money;cs50
mythology;hinduism;christianity;anime
skeptics;politics
sound;ux;graphicdesign;tridion;video;blender;productivity;sharepoint;salesforce;photo
chemistry;productivity
linguistics;english;italian;french
dsp;datascience;robotics;cs
magento;startups;cooking
mathoverflow.net;cstheory
expatriates;money
drupal;bitcoin
physics;homebrew;engineering
quant;chemistry
unix;serverfault;ja.stackoverflow;superuser
economics;aviation
worldbuilding;cogsci;biology;skeptics
superuser;tor;cs50
quant;economics;money
parenting;workplace
quant;codegolf;datascience;dba;math;cstheory;scicomp;codereview;puzzling;cs;webmasters;stats;programmers;rpg;economics;gamedev
expatriates;genealogy;politics
health;biology
musicfans;mythology;english;japanese;expatriates;linguistics;judaism;scifi;opendata;chinese
civicrm;wordpress
bricks;beer
health;skeptics
bricks;robotics;bitcoin
physics;electronics
mechanics;woodworking;lifehacks
programmers;startups;workplace
civicrm;drupal;ux;elementaryos;joomla
hardwarerecs;video;raspberrypi
joomla;webmasters
law;ham;money;freelancing;travel;startups;politics;expatriates;genealogy;outdoors;ebooks
photo;computergraphics
spanish;portuguese
serverfault;networkengineering
electronics;raspberrypi;photo;mechanics
aviation;travel
space;astronomy
health;skeptics
video;christianity;photo;scifi
hardwarerecs;sustainability;engineering;beer
money;skeptics;politics;opendata
homebrew;beer
programmers;pm
unix;askubuntu;serverfault
coffee;cooking
freelancing;workplace
hardwarerecs;boardgames
skeptics;physics;hsm;electronics
android;windowsphone
philosophy;cogsci
mathoverflow.net;math
programmers;startups;sqa;workplace;productivity;pm
stackoverflow;ja.stackoverflow;pt.stackoverflow
biology;chemistry;hsm
scicomp;blender;computergraphics
stats;datascience;cstheory;dba
opensource;workplace
superuser;askubuntu;dba
civicrm;drupal;communitybuilding;pm
buddhism;hinduism
english;ell
ham;electronics
datascience;ja.stackoverflow
crypto;bitcoin
dsp;startups
coffee;homebrew
es.stackoverflow;dba
expatriates;travel
diy;engineering;earthscience;beer
security;crypto
worldbuilding;physics;astronomy
stackoverflow;datascience;dba
sound;arduino
hermeneutics;christianity
datascience;stackoverflow;codereview;ja.stackoverflow;programmers
earthscience;skeptics
scicomp;chemistry;robotics
philosophy;buddhism
freelancing;judaism;workplace;worldbuilding;pets;lifehacks;photo;parenting
music;musicfans
buddhism;martialarts;hermeneutics;bricks;music;chess;christianity;bitcoin;mythology;space;english;japanese;astronomy;hinduism;puzzling;musicfans;judaism;boardgames;sports;worldbuilding;linguistics;italian;beer;skeptics;islam;programmers;chinese;politics;coffee;matheducators;german;patents;opensource
rus;russian
expatriates;money
sound;opendata;photo
musicfans;bicycles
cogsci;matheducators
expatriates;genealogy;travel;freelancing
meta;stackapps
sound;travel
english;ell
martialarts;outdoors;bicycles;fitness;lifehacks
quant;money
music;reverseengineering;codereview;cs
scicomp;mathoverflow.net;math;mathematica
health;cogsci
health;coffee
serverfault;craftcms;networkengineering
boardgames;sports
codereview;stackoverflow;programmers;pt.stackoverflow
english;japanese;chinese;german;russian;italian;ell
boardgames;anime
earthscience;bicycles
homebrew;beer
tridion;ebooks;salesforce;photo;opendata
linguistics;arduino;ham;electronics;dsp
meta;dba
stackoverflow;ru.stackoverflow;pt.stackoverflow
music;matheducators
scicomp;chemistry
coffee;woodworking;fitness;martialarts
codegolf;dsp;electronics;arduino;reverseengineering;robotics;codereview;pt.stackoverflow;scicomp;stackoverflow;programmers;cs50;ja.stackoverflow;ru.stackoverflow;softwarerecs;raspberrypi
security;webmasters
economics;money;politics
blender;graphicdesign;gis
history;hsm
math;matheducators;hsm
earthscience;gis
communitybuilding;judaism
arduino;networkengineering
programmers;pm;sqa
networkengineering;opensource
outdoors;pets
joomla;craftcms
mathoverflow.net;math;matheducators;mathematica
wordpress;drupal;webapps;webmasters
health;coffee;homebrew;cooking
joomla;magento;craftcms
pm;coffee;musicfans;beer
bricks;robotics
history;travel;opendata;engineering
rus;russian
german;english;ell;italian
mythology;english;japanese;hermeneutics;german;italian;puzzling
codereview;pt.stackoverflow
mathoverflow.net;math
civicrm;drupal
unix;ja.stackoverflow;superuser
bricks;cs
money;chess;cs50
rpg;apple
bricks;economics;startups
unix;android;apple;elementaryos;superuser;askubuntu;raspberrypi
mythology;christianity
security;ux
skeptics;space;physics;opendata;fitness;worldbuilding;chemistry;sustainability;lifehacks;engineering;hsm
mathoverflow.net;math
outdoors;travel
health;sustainability;cooking;pets
politics;skeptics;islam;travel;judaism;writers;economics;parenting
expatriates;portuguese
physics;astronomy
superuser;webapps;apple;video;sound;askubuntu;windowsphone;android;skeptics;hardwarerecs;webmasters;blender;patents;softwarerecs;raspberrypi;photo
chinese;japanese
patents;startups
travel;opendata
health;parenting;opendata;lifehacks
sustainability;lifehacks
rpg;boardgames;gamedev
homebrew;beer
german;italian;japanese;english
academia;workplace
movies;scifi
health;chemistry;woodworking
emacs;unix;stackoverflow;superuser
german;graphicdesign;productivity;writers
parenting;pets;coffee;bricks;ebooks;lifehacks;diy;cooking;homebrew;sustainability;outdoors;mechanics;photo;bicycles
stackapps;salesforce
italian;english
freelancing;pm
diy;sustainability;engineering
rpg;movies;writers
linguistics;video;japanese;russian
mathoverflow.net;math
fitness;sports
history;genealogy
skeptics;sustainability
genealogy;hsm
joomla;tor;windowsphone;dba;elementaryos
law;expatriates;money;outdoors
joomla;magento;stackoverflow;codereview;tridion;dba;ja.stackoverflow;programmers;ru.stackoverflow;softwarerecs;pt.stackoverflow
es.stackoverflow;ru.stackoverflow
webapps;es.stackoverflow
expatriates;travel
martialarts;outdoors;fitness;pets
freelancing;sharepoint;graphicdesign
codereview;stackoverflow;programmers
expressionengine;magento
arduino;robotics;engineering
magento;opendata
electronics;boardgames
money;patents
musicfans;ebooks
pm;sqa
civicrm;expressionengine
sound;music;musicfans;video
windowsphone;productivity
homebrew;beer
poker;gamedev
skeptics;aviation;history;politics
history;genealogy
buddhism;islam;judaism;pets;philosophy;hinduism;christianity;hsm
law;opensource
expatriates;economics
philosophy;patents
mathematica;unix;askubuntu;elementaryos;raspberrypi
magento;salesforce
travel;opendata;politics;academia;outdoors;history
superuser;raspberrypi;hardwarerecs;electronics;ham
skeptics;travel;musicfans;politics;expatriates;history;genealogy
reverseengineering;cs
mathoverflow.net;cstheory
wordpress;blender;bricks;ebooks
diy;sustainability
programmers;workplace
stackoverflow;pt.stackoverflow
law;islam;opendata;expatriates;coffee;graphicdesign;opensource
wordpress;stackapps
tex;japanese
codegolf;codereview
bricks;bicycles
joomla;salesforce;sharepoint
english;ell
meta;stackapps
dsp;math
sound;music;dsp
german;english
craftcms;apple
economics;puzzling
parenting;pets
gaming;ja.stackoverflow
mythology;hinduism
robotics;engineering
philosophy;economics;hsm
pets;travel;parenting;workplace;coffee;martialarts;beer;law;space;fitness;expatriates;music;sustainability;outdoors;productivity;bicycles
rus;russian
productivity;mechanics;photo
islam;hinduism
tex;reverseengineering;mathematica
mechanics;bicycles
pm;sqa
movies;scifi
scicomp;physics;engineering
lifehacks;cooking
expatriates;travel
law;politics
coffee;datascience;dsp
worldbuilding;skeptics;pets;hsm;opendata
emacs;unix;tor;askubuntu;apple;serverfault;security;superuser;networkengineering;raspberrypi
freelancing;matheducators;english;chinese;academia;ell;productivity;italian
android;windowsphone;webapps;apple;video
askubuntu;elementaryos
worldbuilding;sustainability;physics;lifehacks;hsm
math;matheducators;hsm
stats;joomla;ru.stackoverflow;ja.stackoverflow
joomla;english;french;german;ell;italian
wordpress;craftcms
quant;stackoverflow;datascience;opendata;gis;ja.stackoverflow;stats;pt.stackoverflow
italian;puzzling
stats;quant
quant;economics
drupal;tor;meta;docs-beta
blender;gamedev
german;puzzling;chinese;writers
philosophy;puzzling
earthscience;sustainability
ham;earthscience;opendata;worldbuilding;aviation;outdoors;skeptics
space;astronomy
german;russian;english
mathoverflow.net;math
wordpress;emacs;askubuntu;elementaryos
codegolf;security;codereview;puzzling;cs;reverseengineering;bitcoin
stackoverflow;ru.stackoverflow
german;judaism;japanese
homebrew;beer
android;windowsphone
hermeneutics;academia
gamedev;computergraphics
civicrm;wordpress;tex;joomla;expressionengine
civicrm;parenting
tor;sqa;webmasters
sound;hardwarerecs;video
outdoors;lifehacks;bicycles
movies;musicfans
skeptics;martialarts
mechanics;bicycles
dsp;chemistry
blender;ru.stackoverflow;gamedev;computergraphics
codegolf;matheducators;crypto;cs;math;mathematica;puzzling;hsm
aviation;mechanics;gamedev
emacs;unix;tor;stackoverflow;apple;superuser;vi;reverseengineering;softwarerecs;hardwarerecs
cstheory;cs
rus;russian
expatriates;travel
ham;musicfans;cooking;sports;sound;coffee;rpg;martialarts;outdoors;homebrew
cstheory;cs
freelancing;raspberrypi;photo
health;fitness
arduino;robotics;electronics;raspberrypi
hermeneutics;christianity
freelancing;workplace;opensource;startups
outdoors;martialarts
math;crypto
law;travel;opendata;expatriates;history;genealogy
rpg;stackoverflow;salesforce
german;english
tor;robotics
movies;scifi
serverfault;webapps
expressionengine;craftcms
serverfault;arduino;softwarerecs;raspberrypi;hardwarerecs
codegolf;reverseengineering
outdoors;lifehacks
history;opendata
earthscience;space
meta;stackapps;docs-beta
cogsci;parenting;workplace;productivity;communitybuilding;pm
stats;mathematica
gamedev;astronomy
communitybuilding;pm;productivity;workplace
vi;photo
english;ell
superuser;apple;hardwarerecs
ham;craftcms
sound;musicfans;hardwarerecs;lifehacks
blender;cooking
codegolf;android;codereview
hermeneutics;worldbuilding;earthscience;judaism;puzzling
civicrm;drupal;wordpress;emacs
tex;ebooks
serverfault;tor;elementaryos;dba;superuser;bitcoin;pt.stackoverflow;unix;ru.stackoverflow;ja.stackoverflow;softwarerecs;raspberrypi
expatriates;money;lifehacks;mechanics
islam;hinduism
codereview;cs50
math;physics;hsm
mathoverflow.net;math
writers;tex;italian;english;japanese;german;russian;ell;chinese
health;hardwarerecs;productivity
joomla;craftcms
stackoverflow;codereview;pt.stackoverflow
joomla;expressionengine;magento;webapps;webmasters;craftcms;sharepoint
linguistics;biology;music
sound;music
health;martialarts;fitness;productivity;pets
expatriates;chess;travel;productivity
dba;sports
quant;scicomp;computergraphics
hermeneutics;christianity
earthscience;physics;cooking;coffee;lifehacks;beer;homebrew;chemistry;electronics;astronomy;outdoors;raspberrypi;engineering
skeptics;biology
stackoverflow;codereview
civicrm;ru.stackoverflow;webmasters
mythology;english;japanese;linguistics;german;musicfans;italian;chinese
fitness;sports
joomla;programmers;ru.stackoverflow;codereview;pt.stackoverflow
joomla;magento;craftcms;pt.stackoverflow
joomla;magento;webapps;datascience;meta;emacs;codereview;cs50;vi;craftcms;wordpress;drupal;ux;tridion;stackapps;lifehacks;expressionengine;windowsphone;webmasters;civicrm;patents;sharepoint
hermeneutics;christianity
joomla;ru.stackoverflow;magento;softwarerecs;webmasters
law;security;webapps;communitybuilding
magento;startups
unix;tex
askubuntu;elementaryos
serverfault;reverseengineering;hardwarerecs
worldbuilding;astronomy;scifi
italian;english;japanese;linguistics;german;russian;chinese
history;physics
sound;ham;electronics
mythology;islam;hermeneutics;hinduism;ebooks;christianity
unix;superuser;askubuntu;elementaryos;cs50
unix;serverfault;superuser
music;hinduism;chinese;martialarts
expatriates;skeptics;travel;history;politics
physics;cstheory
stackapps;productivity
unix;hardwarerecs
stackapps;docs-beta;tor;meta
chemistry;musicfans
serverfault;stackoverflow;ru.stackoverflow;dba;ja.stackoverflow;gis;pt.stackoverflow
health;skeptics;biology
mythology;ebooks
rus;russian
movies;musicfans;writers;french
space;astronomy
diy;outdoors
meta;stackapps;docs-beta
stats;quant
quant;matheducators;poker;boardgames;stats;philosophy;economics;math;hsm;puzzling
blender;unix;gamedev;serverfault
academia;opendata
meta;stackapps;docs-beta
law;aviation;opendata;space
dsp;computergraphics
security;tor
expatriates;travel
es.stackoverflow;ru.stackoverflow
tridion;sharepoint
islam;hinduism;judaism
diy;woodworking
sound;dsp
cogsci;lifehacks;parenting;productivity;chinese
worldbuilding;scifi
expressionengine;webmasters
quant;english;electronics;mathematica;opendata;arduino;chess;bricks;gamedev;elementaryos
stats;quant
vi;tex
ux;networkengineering;sqa;tor;salesforce;security;ham;graphicdesign;programmers;webmasters;patents;pt.stackoverflow;gamedev
fitness;martialarts
mathoverflow.net;math
productivity;workplace
worldbuilding;skeptics;physics;hsm
joomla;wordpress;magento;datascience;reverseengineering;salesforce;es.stackoverflow;ru.stackoverflow;cs50;ja.stackoverflow;craftcms;softwarerecs;codegolf;drupal;tor;tridion;sqa;stackapps;pt.stackoverflow;security;expressionengine;stackoverflow;programmers;sharepoint;gis;webmasters;civicrm;codereview;gamedev;computergraphics
stackoverflow;pt.stackoverflow
softwarerecs;elementaryos
dsp;computergraphics
wordpress;drupal;meta;webapps;opendata;superuser;stackapps;emacs;graphicdesign;joomla;webmasters;genealogy;softwarerecs
german;italian
gardening;gis
biology;genealogy
serverfault;askubuntu;elementaryos;workplace;arduino;reverseengineering;android;windowsphone;gamedev;unix;superuser;softwarerecs;raspberrypi;hardwarerecs;startups
law;hermeneutics;judaism;politics;expatriates;genealogy;hinduism;christianity
superuser;windowsphone;askubuntu;softwarerecs
history;politics
askubuntu;graphicdesign;elementaryos;photo
outdoors;pets
hermeneutics;linguistics;mythology
ham;photo;computergraphics;elementaryos;electronics;dsp;sound;aviation;mechanics;robotics;bicycles
windowsphone;ebooks
freelancing;travel;opendata;writers;pets;stackapps;ell;bitcoin;security;ham;graphicdesign;programmers;gamedev;webmasters;expatriates;patents;bicycles;photo;startups
graphicdesign;cooking;computergraphics
superuser;askubuntu;graphicdesign;photo;writers
civicrm;android;windowsphone;webapps;apple
stackoverflow;pt.stackoverflow
salesforce;writers
emacs;blender
musicfans;opensource
craftcms;travel
skeptics;opendata;politics;worldbuilding;economics;history
musicfans;ebooks
webapps;opendata;opensource
emacs;vi;elementaryos
german;russian
linguistics;beer
physics;hsm
wordpress;drupal
earthscience;gardening
scicomp;math
buddhism;islam;beer;history;christianity;puzzling
sound;skeptics;parenting
health;ham;aviation
tor;webmasters
dsp;ux;homebrew;beer;mathematica
parenting;workplace
english;ell
biology;hsm
bicycles;engineering
worldbuilding;earthscience;skeptics
rus;russian
cstheory;cs
health;outdoors;pets
vi;german;italian;english
unix;askubuntu
joomla;ux;elementaryos
academia;writers
pm;productivity
chemistry;engineering
security;android;tor;webapps;webmasters;patents;windowsphone
civicrm;android;windowsphone;elementaryos
codegolf;math;cstheory
softwarerecs;stackoverflow;programmers;sharepoint
superuser;tor;graphicdesign;apple;cs50;video;ja.stackoverflow;sound;crypto;bitcoin
serverfault;networkengineering
buddhism;codereview;chinese;writers;datascience;chess;robotics
arduino;robotics;electronics;raspberrypi
windowsphone;gamedev;gis
stats;scicomp;datascience;softwarerecs
codereview;cs50
freelancing;pm;workplace;academia;softwarerecs;productivity
german;english;ell;chinese
sound;movies
cstheory;cs
civicrm;sustainability
wordpress;joomla;magento;datascience;opendata;dba;codereview;pt.stackoverflow;stackoverflow;es.stackoverflow;programmers;cs50;gis;ja.stackoverflow;civicrm;ru.stackoverflow;sqa
elementaryos;photo
vi;cs50
german;english;ell;italian
superuser;reverseengineering;apple;android;sound;arduino;askubuntu;robotics;unix;windowsphone;electronics;softwarerecs;raspberrypi;hardwarerecs
mathoverflow.net;math;matheducators;hsm
unix;cs50
programmers;startups;workplace;productivity;networkengineering;pm
hinduism;christianity
aviation;hsm
ham;cogsci;woodworking;electronics
philosophy;christianity
security;crypto
ham;cooking
expressionengine;webmasters
serverfault;tridion
joomla;craftcms;codereview;fitness;sharepoint
german;english;ell;chinese
lifehacks;parenting
outdoors;sports
civicrm;craftcms;chess;opendata
wordpress;rpg;graphicdesign
stackoverflow;codereview;ja.stackoverflow;ru.stackoverflow;pt.stackoverflow;es.stackoverflow;programmers
bricks;craftcms;genealogy;sports
philosophy;puzzling
philosophy;buddhism;cogsci
scicomp;tex;math;cstheory;mathoverflow.net
worldbuilding;rpg
mythology;scifi
health;pets
italian;english;chinese
sound;craftcms
stackapps;communitybuilding
bricks;mechanics
worldbuilding;history;sustainability;politics;bitcoin
salesforce;parenting
music;musicfans
meta;stackapps
outdoors;fitness
lifehacks;cooking
mythology;elementaryos
earthscience;homebrew
reverseengineering;woodworking
serverfault;webmasters
wordpress;emacs;reverseengineering;matheducators;math;mathematica
wordpress;stackapps;cs50
history;genealogy
rus;russian
skeptics;opendata
buddhism;salesforce
mathematica;bicycles
security;sqa;pt.stackoverflow
wordpress;webmasters;meta;movies;workplace
ebooks;french
academia;space;hsm
scicomp;cstheory
law;freelancing;programmers;tridion;patents;opendata;opensource
drupal;magento
windowsphone;arduino
hermeneutics;history;christianity;politics
german;writers
salesforce;mathematica
skeptics;history
serverfault;ru.stackoverflow;ja.stackoverflow
quant;economics;ebooks;startups
money;startups;workplace;academia;ebooks;beer;law;ham;skeptics;politics;history;genealogy;outdoors
security;crypto
askubuntu;elementaryos
codegolf;islam;bicycles;video;sound;rpg;ebooks;computergraphics
worldbuilding;philosophy;politics
emacs;superuser;tex;webapps;apple;civicrm;salesforce;graphicdesign;softwarerecs;ebooks;stats
lifehacks;gis
craftcms;sharepoint
diy;lifehacks;woodworking
rpg;writers
expatriates;travel
money;freelancing;opendata;politics;expatriates;startups
dsp;electronics;engineering
freelancing;musicfans;writers;communitybuilding;academia;ebooks;law;video;opensource;webmasters;patents;graphicdesign;startups
security;crypto
blender;matheducators;hsm
codegolf;puzzling;boardgames
sound;hardwarerecs
craftcms;tridion
emacs;unix;apple;cs50;superuser;vi;elementaryos
unix;askubuntu
parenting;bicycles
arduino;raspberrypi;electronics
